symbol,date,return_1d,return_5d,return_20d,rsi,macd_hist,bb_position,vol_ratio,volatility,label,future_return
XLK,day_50,-0.007230860429203512,0.02674943823082887,0.014493655586468535,61.04705720650048,-321.72062785510894,95.35009214643243,0.7019669385622945,0.009806587973081331,1,0.01411491703744719
XLK,day_100,-0.015357885532740312,-0.028671008794850406,-0.023988316673194676,51.2910056707729,-308.4806442170748,55.11046566921636,1.0000082653539935,0.010861233901937759,-1,-0.012564253577901268
XLK,day_150,-0.015475133318599621,-0.004888731347847841,0.05512741967618062,57.88428965420756,-294.3169924811383,80.58520836880723,1.0144856087721426,0.009985464227378648,0,-0.006578406229918361
XLK,day_200,0.008860031231264331,-0.017475171533513634,-0.06844565341799347,16.71140892704058,-280.675533376805,2.60587557547433,1.082465309716163,0.010630679676565771,-1,-0.023955389126570168
XLK,day_250,0.01197575001646678,-0.0015219510574683293,-0.005861153731877011,48.159717056035056,-254.42218934419736,15.830590688833333,1.185629762880656,0.009992130259481629,1,0.011438714549164576
XLK,day_300,0.0037448254035281625,0.005669480129388393,0.024559666262938817,59.79702765639179,-265.5993703975497,61.17575183383632,0.8769071246699857,0.008893367809450312,-1,-0.03993964391707846
XLK,day_350,0.004118905071207157,-0.028041456595338188,-0.01974415609732172,36.43722873958988,-249.01314501566344,2.155476527604707,0.6873755169431427,0.010525738680742932,-1,-0.02961509201023514
XLK,day_400,-0.004982384365989967,-0.0047076759633242204,-0.0561726043288745,36.75026261371632,-238.2780090639871,12.679832563692294,0.9454196977700574,0.010621007130066614,0,-0.00968344808549865
XLK,day_450,-0.01960177811876418,-0.040177935057365666,-0.04356886783832847,44.62342541846658,-234.39217700298607,1.9683720819060204,1.0462532874193557,0.011163556454431477,0,-0.00863064946610529
XLK,day_50,-0.04173590675774219,-0.13986171606313835,0.047522182580418626,64.66213079250447,-178.17441865205964,58.70475497812199,1.0419798117082384,0.036724482016149924,-1,-0.02634267663764023
XLK,day_100,-0.05195176114006139,0.13111092033163696,0.24976795550645825,81.58896797106723,-192.35462383432792,113.19228527163226,0.9844047524765145,0.040626445240738086,1,0.07025653394108772
XLK,day_150,-0.0008068789136722598,0.14525754743779218,0.014656203022331393,51.6379629892856,-282.927477236929,73.71935194704355,1.1541265335779598,0.029271045181363,-1,-0.1498708880708042
XLK,day_200,0.027120650142618663,0.1633125857046116,-0.05755528555136813,55.01652845720971,-214.94149531618206,64.97828706804259,1.0938399289834266,0.0324208967817874,-1,-0.04898965276288662
XLK,day_250,-0.024634145422452347,-0.1281998701954178,0.35866495126785636,66.1447639208529,-377.57264155925276,68.36841028352751,0.8647140103332784,0.04088066079265379,1,0.15606397816087433
XLK,day_300,0.022951345233135134,-0.15639379587087698,-0.17301291105845273,32.65674444567195,-464.6430171592106,-6.206021507095045,0.7317399547252592,0.04152667935274139,1,0.0644777770962919
XLK,day_350,-0.0011977400728543364,-0.03227708984477862,-0.16857052421159702,22.52458759500503,-419.13490061918895,18.193419385923473,1.1517282665645223,0.04233205426075796,-1,-0.055082281927375756
XLK,day_400,-0.02537445328638077,-0.10039181796130814,-0.34955587068393434,14.660197416595267,-291.8189829658142,17.217137370019856,1.154500802618427,0.03470715650392523,-1,-0.06443183918747851
XLK,day_450,-0.029152455632074803,-0.08094701411725158,0.2051876398093897,71.16834957547493,-314.0875289877607,70.66470807948569,1.3528778576704061,0.03340095176766607,-1,-0.058761587558361354
XLK,day_50,0.006094746415622021,-0.012192892227101071,-0.12502319525870698,33.53043686739599,-118.0330705290551,16.21296719905494,1.3933930416251195,0.03143827735946921,-1,-0.05339079644460981
XLK,day_100,0.070120327964035,0.1367531754923288,0.14468826302765891,55.51649669972554,-130.7705027840341,80.49193989979284,1.2636643513015402,0.03946880696657536,-1,-0.0227271837665806
XLK,day_150,-0.0373649436344301,-0.029556957835370823,0.09810324474669518,79.61338307936731,-130.94806877193574,92.9300181323615,0.9216556368530155,0.03349637834147385,1,0.05621606563594121
XLK,day_200,0.04893896933407604,0.12717079860997438,0.22018938000138344,74.90756088034757,-200.20834189910215,95.36600344954947,1.4618629319337166,0.03953273433411553,-1,-0.14025019319399176
XLK,day_250,0.05407962033916802,0.1488072368984641,0.10689007527252103,55.896882816042435,-256.7805713933952,80.78975026585644,0.7631549661759037,0.034788465074141926,-1,-0.02057206510587914
XLK,day_300,0.006477159101401009,-0.004037301046154185,0.21506180369684458,71.08195818104682,-337.94846051269536,82.49055463879003,0.9541566713859282,0.03235804520110005,-1,-0.08429496305524456
XLK,day_350,0.0011211057957289938,0.031046002916966797,-0.1083912978837478,50.45101632923537,-269.1251702558304,44.82208961665955,1.267390535513115,0.028598230676146964,-1,-0.023695833162611438
XLK,day_400,0.03919062215516278,0.055641097677949336,0.3565026761038359,73.36726706202059,-297.3046492816782,88.24457852931279,1.074092166700685,0.03210350050515497,-1,-0.0643737434919114
XLK,day_450,0.01209354570934651,0.17522952431786698,0.5477901928019615,85.27264972671881,-438.52292636087674,99.08700987333164,1.1554318073368404,0.036749616383502305,0,-0.009889354964520352
XLK,day_50,-0.03800087074115144,-0.164224339798122,-0.3081757392076163,17.988670159944192,-256.6862065319462,-0.30993389665118753,1.1295340554544757,0.03253239866909909,1,0.03945419452330326
XLK,day_100,0.011577429872328127,-0.0013506356666260766,-0.22389817385535948,31.159285503112798,-200.66186380557025,13.976033228096316,0.848506096059009,0.038694770021494095,-1,-0.020865312789367006
XLK,day_150,-0.02979216595301204,-0.03834860628981329,-0.19460310006613235,37.26040619902702,-165.0080330546673,26.974518338911246,1.2234315868664254,0.025336085779270445,0,0.002618469544799729
XLK,day_200,0.07068702932245974,0.035784761117121144,0.1416826151151469,46.7521635306235,-174.54592890019538,29.588911974462352,1.2917937868059672,0.03077498625454311,-1,-0.03545630132797897
XLK,day_250,0.060566908747603065,0.1265074336240115,0.06770656561228106,51.498190120488076,-197.0384680013562,85.32750072239264,1.0898044808187737,0.031083848082348146,1,0.0693110199203244
XLK,day_300,-0.04385258260566138,-0.025555842776698534,-0.16280486672419614,65.00766254137187,-177.33547223128883,61.552704161928986,1.2142940820057804,0.031329669887286415,-1,-0.05118996733258027
XLK,day_350,0.001520134036873122,-0.029993943613710217,-0.15627270950817196,43.200567828597045,-101.77568071667977,17.484273523943465,0.7882118421537675,0.03153625377988889,-1,-0.1013536965174598
XLK,day_400,0.02249506776134047,0.0514392693949679,0.0232955942877342,46.95699643529165,-92.9740618424283,64.48690962715847,1.241818741265888,0.02576490006688329,1,0.01870532531942766
XLK,day_450,0.04370974371055225,-0.05585224136392153,-0.04567816764149346,28.97142098451124,-91.0756391996673,-4.559299208689536,0.8830177121635712,0.03478417314739543,1,0.05562080064152422
XLK,day_50,0.020819803324657826,0.030832706194080295,0.0756395252975346,53.253655251703144,-59.58780916509408,62.530016981541124,1.040561803791315,0.015527514571893029,1,0.03150354754453254
XLK,day_100,0.021277917119552514,-0.01633693328251884,-0.07815984890165173,27.124402052879205,-54.3664452554222,9.623455098489146,0.6165523257862415,0.016816490563201357,-1,-0.016124660111215536
XLK,day_150,0.027848118213585682,0.04810346594837922,0.0638737316173239,57.27485985666576,-54.50823764221699,56.17427796322414,1.376971441955855,0.01788652507783081,-1,-0.019776805768218667
XLK,day_200,-0.010595200071356725,-0.00785550233087362,-0.007858243391035247,44.83397159911821,-51.194255132822555,54.73597347661004,0.9093189335850207,0.014871984813170718,0,0.003443175579739897
XLK,day_250,-0.008535138740468295,-0.0505321551755491,-0.08197838301917637,42.88378137477252,-54.15661056211441,-3.077956028431651,1.2216246120908576,0.016319480130717545,0,-0.003512557841416876
XLK,day_300,0.011555466948307114,0.03406339073822129,-0.07616949959434616,25.136652543893774,-47.40514295173304,26.167711548672806,0.7670090520938154,0.014352362538306221,0,-0.009661945099831839
XLK,day_350,-0.005822049997694645,-0.06973513435093259,-0.09529611483129663,29.713008821255144,-46.10743599557261,-10.468567202577486,0.6807437892283786,0.0156004632853907,0,-0.0020356047929795894
XLK,day_400,-0.007069370242977935,-0.020784639741154298,-0.023995990290381797,45.119106741383874,-35.215129622205225,46.187496078073416,0.9038145482376528,0.012135382470706538,1,0.051281483031288856
XLK,day_450,-0.003496486291435952,-0.03318546647152909,-0.0352081286602991,58.26677965273153,-33.070066681974346,52.67266165860791,1.0546938105599235,0.015278819984718294,-1,-0.013414532378292694
XLK,day_50,-0.019894487952963336,-0.03188365304958052,0.06012661028947641,52.583486296773174,-226.75348760011437,49.63856443514885,0.8902641507870557,0.03784942500816427,-1,-0.1386926741011539
XLK,day_100,0.003298039246808493,-0.10807935341610742,-0.0038691325213413563,56.50706123162059,-277.85314718367914,32.95129426458748,0.8166822748784516,0.04180156564881558,-1,-0.11029681081283257
XLK,day_150,0.013836098789870688,-0.024625367581185498,-0.12236231725727043,44.95413904247759,-243.65377950173936,22.74588614141954,0.8056532415566111,0.035447628248134834,1,0.0493114046122355
XLK,day_200,-0.11011180966017664,-0.015343816377766384,0.035030775426377,65.91567608415644,-252.75403488075733,111.20616746559855,0.9330232788034495,0.033368613344443236,1,0.02596602863316005
XLK,day_250,-0.019354662079368645,-0.1936360746324136,-0.16774990742100537,34.16795022229731,-301.2290066362007,-13.168994057995354,1.0042685367164,0.03644909780698911,-1,-0.036182815210666915
XLK,day_300,-0.007794533596218067,-0.09330278785537316,-0.013483698828249402,38.263689037608984,-281.9661381043601,14.331875593583906,0.7854381468970512,0.03865077632367038,-1,-0.02122954471638685
XLK,day_350,-0.038436669321637584,-0.022640710051388013,-0.13962742592325916,55.38480951988369,-253.40639382584317,48.35051355614977,0.840737945829117,0.04023839141061161,-1,-0.04261610103435264
XLK,day_400,-0.03539228866910682,0.012898872115369997,0.1091737337613854,54.01214131943108,-195.60903243076095,73.10179437007844,1.1886244512822917,0.03807269595281774,1,0.046710306551483845
XLK,day_450,-0.045536675519860625,-0.21009295393080518,-0.20851016883131057,23.729818906891808,-258.1789051982413,-27.647279210606918,1.0718576336671135,0.03460415421503267,-1,-0.05747483035983843
XLK,day_50,0.028492847807404242,0.012250747588943511,-0.010695251301687025,50.91163481532904,-135.49820647105648,33.06741475216485,0.920750647985598,0.013785503190988724,0,0.0023633642797839
XLK,day_100,0.010837325652414354,0.03946214506059653,0.11919760182618733,86.27546578576634,-149.03836098768318,84.50481520124377,1.0027359981079036,0.013932298841382106,1,0.03287124557030147
XLK,day_150,0.005781576498459007,-0.008821982205823531,-0.04331125212013953,13.035470675842404,-171.0367179729887,9.18421194894912,1.1041605075079846,0.011764558731871839,1,0.015070460223598684
XLK,day_200,-0.007213734118688309,-0.016587494415531312,-0.011915347693293499,38.696765231817466,-166.79562249717858,28.84045630383372,0.8732472353519468,0.011296132071440536,-1,-0.016513095689312172
XLK,day_250,0.0018096576187058844,-0.014020771394776643,-0.029720619034395934,36.53385758949589,-152.67794272550339,-10.73694185148361,1.1605217726342378,0.013378525334008014,0,0.0019072474683778102
XLK,day_300,-0.005214226710777314,-0.04203427430428108,-0.0719349923383773,30.915670254023482,-146.8224147153578,-3.900727823567414,0.9115259652476505,0.012851526843924413,0,-0.006822163078998952
XLK,day_350,0.009902692263022761,0.023958802083164255,0.04701775523626961,56.09680734255868,-157.21159578601365,69.12111807864852,0.8043926180189959,0.010466200328365947,1,0.023844195972506938
XLK,day_400,-0.004099590857165936,-0.006865425505682254,0.0014422751840996728,45.53467171853132,-175.47376225225725,30.920061383285752,1.0483211576207963,0.01265529621381162,1,0.03911555090797143
XLK,day_450,-0.016945300230875482,-0.06297434325083284,-0.11115072082290334,20.687124300176492,-171.2286282504104,3.2761368825455306,0.9415380853060816,0.012162122419811803,-1,-0.011184176079246145
XLK,day_50,-0.02757907034181417,-0.00457517259460849,0.041347435442427916,59.814702921010756,-410.9464348695683,73.6809026277556,0.9511555848796645,0.03118520999318007,1,0.11823101220105024
XLK,day_100,-0.028842817432993884,-0.04568765065550495,-0.025101713433540285,56.30138342478648,-454.51917258166094,65.30437615835302,0.9115518040702493,0.03187931641001711,0,-0.00942744281772353
XLK,day_150,0.03156672847795705,0.09101019641910835,0.22258146287023473,65.53810070730968,-503.72398770465423,103.69750212618824,0.9637998344861077,0.03098509710313165,1,0.03965965966844119
XLK,day_200,-0.017654965619680274,0.040529803647957774,-0.21806954302971704,25.625869666157996,-541.8702114829018,29.05493467171374,0.6662156828226892,0.03341600907660674,1,0.05317715243830701
XLK,day_250,0.03159891651850866,0.10909012239217009,0.1877858008568889,64.74236100302363,-482.99841102520156,87.66547119754725,0.9945080462714982,0.03353019570092663,0,-0.004862078781382422
XLK,day_300,-0.058780214315874324,-0.03582303805007003,-0.09860440809986448,60.762323018715065,-443.1723880732977,79.41523701249392,0.6788720103952262,0.03495324330596663,-1,-0.08336476350807899
XLK,day_350,-0.030693692127191974,-0.13797828017077662,0.09984431293520135,65.64538963749456,-428.1273257104696,56.64287386937329,1.3525923906725832,0.02783019516573842,-1,-0.08000843482983362
XLK,day_400,-0.04217977197600842,0.012885521346185369,0.2910063793329867,64.48670001302068,-346.09520072752963,91.34268857232084,1.14061811328482,0.030120735321153842,-1,-0.07736743652877298
XLK,day_450,0.019381948237086277,-0.05752497105555343,-0.24154010591752584,30.274830413694716,-244.47553953174096,12.544299901884582,1.1701058389407235,0.026892308346007997,1,0.09311247276737263
XLK,day_50,0.01601219783832053,0.05645615083560296,0.024661116527213922,45.215434021627836,-408.4984593625629,48.968572358485055,0.7440681429661224,0.02506385170844482,-1,-0.0371864808325251
XLK,day_100,-0.06993230158198782,-0.04378737877839245,0.035427210823435695,62.17453546153118,-501.8742633014125,93.5957614606834,1.0697475236268998,0.017427410620536175,0,-0.006446275206040234
XLK,day_150,-0.06784253709522625,-0.04522108431659444,-0.08537745079232817,47.692480583632666,-510.31849814277007,52.32248272587184,1.0556011746616318,0.023153314492754845,-1,-0.010015256871666283
XLK,day_200,0.011472686335467941,0.03311656918470485,-0.11967430692505332,48.240552714697216,-341.0769996701651,49.10468895991967,0.7907070003348203,0.02259391175451833,0,0.006378313434129374
XLK,day_250,0.0004182785076118911,0.014786083341572276,0.09087773970323165,58.925702692209036,-308.97856119752635,92.36983506462411,1.239034912087224,0.024221941583368375,1,0.0324575701600759
XLK,day_300,-0.01464996530193996,0.01864490475979763,-0.03047605563125022,44.21791185748677,-300.47599337854206,43.05017378569006,0.7386501850342081,0.022145820183659383,0,0.0038017845007484578
XLK,day_350,0.003730800636017939,0.08863709735826242,0.1402377469957874,85.93570117547384,-308.70569469666674,121.03861109392832,0.9811791142078172,0.025167360740934046,-1,-0.0458535245317264
XLK,day_400,-0.011158554768454176,0.007784848805838518,0.1419104906921811,61.52152718842008,-369.78417760796714,77.23543786986052,0.9457804489710829,0.0263130922663913,1,0.01113402106195765
XLK,day_450,-0.019367882994980712,-0.03969366285929243,0.14237848830549193,61.35037219114359,-420.1720856633556,70.07029634595125,1.2832748598776378,0.028078624203182717,1,0.07524793627741835
XLK,day_50,-0.015055856193613604,-0.039333341464200755,0.016740739267042004,59.136241904703425,-93.84298842732498,69.4462615481432,1.205954011778434,0.01188013044787562,1,0.03453860725434662
XLK,day_100,-0.0006372838468605702,-0.017461208387663518,0.07198214334025521,67.98658747246898,-103.27425331397707,63.30911973237776,0.8032123884401736,0.009249237757624311,1,0.010938008115329826
XLK,day_150,0.0057514524218920116,0.0037901239833129097,0.0694536424197969,71.41662756005086,-124.53255534310715,81.05264674160844,0.7696594482898614,0.011054227175452108,-1,-0.012288484765858495
XLK,day_200,0.004086866552064583,0.005183852385961751,0.007330233434595046,44.7167920995611,-142.91865927192063,41.742411038835925,0.8907440746915712,0.011506539445270476,0,0.0007622485656755089
XLK,day_250,-0.015922511213003365,-0.007794768436022115,0.04146404644571833,50.19992707878447,-164.28276481852006,65.29410249555602,1.2807702337640583,0.009832532318380287,0,0.006860216149584636
XLK,day_300,0.014962372041474437,0.04731257439771719,0.07478081441169393,63.526853910973514,-163.76175274162793,97.70066037172187,0.9113176675374832,0.01142648457467967,-1,-0.016897052078240105
XLK,day_350,-0.024889018692579645,-0.04612138427900059,0.04289353934867157,66.06597902524913,-182.64407927101465,69.52676866437604,0.9125352472304425,0.011862190214586208,0,0.0018346377101187803
XLK,day_400,-0.02287327334070488,0.02105071349584331,0.004866493120812221,46.8539021896002,-192.62165695120163,53.32854115129412,0.8645783729934414,0.011832082201762248,0,-0.007376675342834823
XLK,day_450,-0.01151405835601893,-0.03279726869592725,-0.006348570109124929,57.03507132928678,-192.19510243094618,47.17142184140093,0.9459678744090005,0.01171403547738393,0,0.005201628934025959
XLK,day_50,-0.008153353171160393,-0.03296656630106698,-0.07542792878931015,24.274663148687523,-164.1086901819695,12.08408444731632,1.3963064986206424,0.011769392762789115,0,-0.003778834074798213
XLK,day_100,-0.009632906535503083,-0.012330652023304967,0.02297210491698487,64.52490313157391,-145.3281009561984,66.50192081293744,1.094548616827597,0.00979274333878261,1,0.01333377054748475
XLK,day_150,-0.007941017834640185,-0.014112706147074827,-0.09357615053275437,19.560362702598184,-132.45685268320463,22.190522589986685,0.8985147094995303,0.010176339779413129,1,0.010090006770605049
XLK,day_200,-0.0038547308970273697,-0.012545438174631718,-0.008050516078082826,54.15891346793905,-128.67077903292815,48.90211318009206,1.2681133104511413,0.010044843849065354,0,-0.005160120945952338
XLK,day_250,-0.007569249803524913,-0.0067737386388121434,-0.04422101459780192,38.36213629157812,-112.19525887224637,29.280116201147848,1.1614493640182462,0.009882045236341522,-1,-0.024608112115485928
XLK,day_300,-0.00335607443101682,-0.01709630603657275,-0.027574046227342386,38.075822313448406,-91.39128093745632,35.380672004404026,1.0764056471187635,0.011482844312428507,-1,-0.011213752015615409
XLK,day_350,-0.007088689283490601,0.0008780316615391026,-0.0823302259330494,29.18188845874947,-75.78020386779073,25.803228291740847,1.309933164524357,0.0103255655913292,1,0.01697024746600182
XLK,day_400,-0.03381048974259071,-0.026102995836067566,-0.07788358764166026,40.44804096147889,-69.34317971035794,26.63066610369031,0.771118281425734,0.012045368061789354,-1,-0.013801873298920242
XLK,day_450,-0.006860664543641537,-0.007972045183949561,-0.04036704365800592,39.68358445140554,-63.73520914503598,33.65106309262688,1.1689455334932461,0.00940440436722232,1,0.011428176028685821
XLK,day_50,0.011518854798880929,0.07129246291327873,0.22344564837111291,55.56355835879395,-307.37109995688064,80.64590022284686,0.9931579288127271,0.02303263620580339,-1,-0.06887913826376406
XLK,day_100,-0.02669726164957298,-0.009117876348922471,0.037943607802942036,72.42246197215951,-402.77028482957513,80.28464590424336,0.9859436538919086,0.028878448956295287,1,0.10009435147501898
XLK,day_150,0.009156301680250278,-0.06692603840739486,-0.18410497958367555,21.20987029367194,-359.0918026206955,11.873007973353188,1.0964438184159147,0.03122518595353836,-1,-0.0778062915550152
XLK,day_200,-0.006052975107872838,-0.026096620473423537,-0.12011264938656041,40.35955602576621,-301.69936990508427,11.041876278360235,0.9069025494896065,0.029556884359228233,-1,-0.015236364143302308
XLK,day_250,-0.002060592887351387,-0.08044209410390146,-0.04910890029934267,33.74690500350765,-265.1500659327498,-8.293249253565262,0.9411577746641476,0.028470535517530454,1,0.05430260845485336
XLK,day_300,0.019499863854289368,-0.016004258674444993,-0.012232571513448032,59.739740819153745,-264.2946210713604,41.61179440373939,0.7702722879816186,0.031882084099887055,-1,-0.053255996788418046
XLK,day_350,0.016359022189826433,-0.04976679254116845,-0.14633538206022867,30.775684772178877,-228.15040995964407,2.3118518793845704,0.8173060362261118,0.03678181470147784,1,0.08963067444310116
XLK,day_400,0.002943260461437225,0.12576980243804692,0.08458524385890343,64.50426110340834,-258.52303224958507,105.36286604054708,0.9975997872610137,0.0323621585743412,-1,-0.1127441476661208
XLK,day_450,0.010085667257457631,-0.05850268583666929,0.013634033117404298,34.59782763561566,-311.14360918959335,9.418914264508643,1.0608570126585586,0.02639204054613418,1,0.07301639085673478
XLK,day_50,-0.009561199603391524,0.002267998018307793,0.09288252250706841,76.04463419602816,-253.24142086856335,87.45276351399646,0.8687889246558086,0.0176276828090611,-1,-0.05997069159200155
XLK,day_100,0.011682449353154878,-0.011347199962103427,0.04114919014811069,54.06151121589849,-260.6828691652243,51.40262241622609,0.7479594212399443,0.016500799269435252,1,0.010922178305943655
XLK,day_150,-0.018458794635236697,0.020182201340232186,0.014052677588256124,49.6543082131862,-258.05861669222014,62.029755221440716,0.7321946750038258,0.019016637270176658,1,0.026256228721209453
XLK,day_200,-0.005879436108128688,-0.013915638404542796,-0.08152683656917181,45.903272966375795,-242.322015253109,30.93887980804878,1.1185837505474139,0.016725017805070744,1,0.04794690374719815
XLK,day_250,0.014835619623098317,-0.01432287244822772,-0.003233028323703979,54.095957554868164,-213.7885622446054,31.10747966241833,0.9928034734916092,0.014863716898486921,-1,-0.024993333861383867
XLK,day_300,-0.0008420167081688579,-0.008709358008891721,-0.0065107891591758005,56.26392205212512,-237.84866729702847,63.18109592736265,1.0563692371532356,0.01757110321932289,0,0.0072576625015211465
XLK,day_350,-0.009817555817884016,-0.006003466515929201,-0.02357893913916398,59.33047673587134,-217.63905870501733,72.69461245300344,1.4810298183685557,0.01610982850983706,-1,-0.010419400817222422
XLK,day_400,0.03300012377712891,0.07044484290293607,0.09870480823850114,75.01887560318205,-231.36785189685295,93.72222533906239,0.6543844651787377,0.013579530674980406,-1,-0.020933520398603127
XLK,day_450,0.0012280787967162698,0.02364021214165346,0.002593731846213254,60.83937685580554,-251.64265145228865,68.3286796105407,1.113910783308178,0.01645181722177065,1,0.03903518699158159
XLK,day_50,-0.008986218477131547,-0.039573431885143284,0.012156051716340599,58.547662368733675,-369.8266695939171,51.252539986612035,1.0555107971099318,0.016147843803398534,0,0.008912126023698104
XLK,day_100,-0.012080368748661252,-0.0600720710886381,-0.10509624761496772,29.634922145954164,-284.148454830194,7.964266691547639,0.933525560682749,0.01707266112573539,-1,-0.06968876933180367
XLK,day_150,0.015381250652316103,0.054110193953283536,0.11447663674852393,57.8033748478549,-267.50294371411275,100.36371686750441,0.9540487730419653,0.01792243245504753,-1,-0.011596591190745966
XLK,day_200,0.0011596210565434362,-0.02475176107414212,-0.00964178935754556,44.15111651900445,-283.80851517836766,20.61139927516381,0.9880289424387171,0.01490027768130556,-1,-0.031876428796507074
XLK,day_250,-0.027787895542429553,-0.044638250454424155,0.07927324806889913,54.41643605380173,-291.3114859157386,56.548774192442664,0.8185927121041056,0.016148249601598795,-1,-0.0216046325344813
XLK,day_300,0.03655607962463714,0.05488508685564297,-0.04430449712626294,50.100834899731346,-235.52896622354515,40.52150755548405,1.2205414283236888,0.01703904100528216,1,0.07041858825553568
XLK,day_350,-0.023529756105362343,0.014485983000216196,0.012293674851540981,66.53001477102436,-248.5836072272932,99.27891165287576,0.9132560973981798,0.017953333249578853,1,0.0246543036613176
XLK,day_400,-0.0053625190839939885,-0.04993739685221987,-0.10182502614129196,24.04374325322999,-218.90600600688524,5.3553472361568915,1.268345036113689,0.01751081301986502,1,0.0661945542197025
XLK,day_450,0.00964567356250634,-0.014423195284835821,-0.08613024176973216,22.9464037811305,-190.03854735249143,2.000735958721349,0.7883319267365273,0.015730996106992013,1,0.011421427039317996
XLK,day_50,-0.018193811352359646,0.0341449757067549,-0.010418639683227426,47.18158559579675,-285.74484356016586,74.64955523489549,1.0991013013391298,0.0170179491534571,0,-0.008160840821093352
XLK,day_100,-0.023334605889446802,0.042524314401012564,-0.07388861111611122,55.15645026597328,-252.76895580792655,69.79845797868484,1.1609862098226533,0.019159423234780815,-1,-0.058973690789891585
XLK,day_150,0.014386363993163842,0.006017308063207993,0.07349306005011402,64.70133200016153,-232.21979999828017,67.33579397405207,0.8669483274823282,0.018361578029417628,1,0.03088779763789664
XLK,day_200,0.019727407021526533,0.0653817643341903,-0.02276873952462455,29.79689921026332,-226.04649243368726,38.118502666100625,0.9226925698050379,0.01767503496719431,1,0.06445393527356015
XLK,day_250,-0.036150888852186536,-0.013217119397260335,-0.15445434214198817,33.823416520704214,-203.92335100980443,18.702443099794248,0.9858875343167113,0.021686269878516334,-1,-0.052373728385499925
XLK,day_300,-0.009028178206039184,-0.0147594345948322,-0.047165562335851674,49.61036197362176,-163.86804342897037,26.38858778992229,0.7339527395098626,0.016106783629731596,-1,-0.01432117458620181
XLK,day_350,0.016957136105081316,0.017942789227166855,-0.01874024003573671,30.33640070083115,-159.20268016821316,19.484815889158703,0.8387751435993621,0.016946143966487106,0,-0.0019155261366043562
XLK,day_400,-0.0099742126502812,-0.053792608012317555,0.00608174584123633,42.84547110996918,-207.03023837166873,15.852139904181131,1.0245535314650265,0.02072899581409235,-1,-0.016812156612996756
XLK,day_450,0.003942878569580088,-0.01262660948883243,-0.09550723372368208,26.827134818366048,-174.7499112897919,27.819412230594615,1.1269492128450955,0.020825343439127217,-1,-0.03504323556838488
XLK,day_50,0.0005640442127685663,0.01986997226299625,0.018672464910208353,64.17936890177194,-305.5388211260951,78.2529302593246,1.0930262060038767,0.020437148592480872,1,0.05905185270208918
XLK,day_100,0.007410567506431098,0.04375405093064755,0.13835516167832052,61.98576346011013,-340.22934087521685,82.03651398128167,0.8636053185093647,0.02607681342401446,1,0.016190785980749772
XLK,day_150,-0.020558004785594886,0.004675695081734155,-0.010714954697449874,57.234550229286256,-400.881263722948,71.6812969332167,0.881639310489287,0.024663199010143067,-1,-0.016225420688337704
XLK,day_200,0.0066017725788338755,0.11562769832321118,0.16308221118187394,68.9969660618246,-372.21120911973816,117.98562952672799,0.9699442730804687,0.026540252734541473,-1,-0.011203436646056076
XLK,day_250,-0.0035100469729160144,0.04755947664195137,0.06403203939699842,47.13273813779227,-461.0383355952828,65.4344908447391,1.0390329254699187,0.020589083929139523,-1,-0.014840827658122559
XLK,day_300,0.02787052246717625,0.014012748470105363,-0.07174133061476329,30.747412295717993,-469.80977645409234,19.186787736589178,0.9983247585683036,0.023898677419854297,1,0.06206055071872197
XLK,day_350,-0.0013522868416004918,0.013205233130919591,0.03372878092411602,58.677614591104735,-475.6319642227924,84.94541681453752,1.0038746000016654,0.023425683915449993,-1,-0.09878588019906591
XLK,day_400,0.020689586951924577,-0.01597712275848584,0.02776753142212618,62.92194017393474,-459.66458566602694,63.06631797756415,1.2029263167341058,0.025287462131723233,1,0.04788177992031841
XLK,day_450,0.00021246275238340218,0.0018291150121749755,-0.008370914178609135,55.85468990546778,-485.87438543101524,61.37068473008096,1.0804856667562341,0.021937753283672815,1,0.015113937217951366
XLK,day_50,-0.022101922211832048,-0.006556162815791633,-0.0009988424119312667,65.56636201028593,-131.2752039243241,92.53596987239024,1.150715071098289,0.03432826237760749,-1,-0.11669905541483723
XLK,day_100,-0.021334879097626658,-0.013838140691203482,-0.07224938734660313,35.88704366866364,-141.76644245421056,18.911418390218035,1.035066448514209,0.027837485709376712,1,0.08824427446743408
XLK,day_150,0.025242741977564265,-0.002683938895826632,-0.03234760522470337,23.859614456108673,-156.36488635910297,21.62631802761928,0.8674867677249615,0.029750177125411406,0,-0.0035369212175711696
XLK,day_200,0.043122720692313044,0.014952215903547783,-0.035030757551907765,39.33091639712396,-158.48406451293548,18.311535154492656,1.1321075741128115,0.03942880402041756,-1,-0.12006411182537688
XLK,day_250,-0.04551830287961134,-0.018583979189121247,-0.3662796893655059,23.210184359723996,-100.39247259561623,32.02584657438393,1.2647530141277221,0.042112603792526675,-1,-0.010023168270736873
XLK,day_300,0.03841970170980158,-0.008504899021187007,0.1855807503145228,45.62941132907004,-120.40867064834971,43.87333456692155,0.8753869054042851,0.03640937741995749,-1,-0.029175383940447434
XLK,day_350,0.06576297259551733,0.0634392454173549,-0.09310902434994506,38.25875395961729,-79.74115201399673,37.71260874706026,1.3000888218284032,0.04283160479971121,-1,-0.045074172363934496
XLK,day_400,-0.07844333909501044,-0.03707648656942508,-0.14908245871276105,39.5985054067547,-72.99041611030002,30.464486013373342,0.7366008901131315,0.039914653291708416,-1,-0.027595865526118445
XLK,day_450,-0.028308534996404178,-0.027587314903769422,0.1952103696647105,64.90174256660794,-73.0976361160264,79.42013386862247,0.8651163584313947,0.03363370956091833,-1,-0.06976786255281942
XLK,day_50,-0.0230316075942254,0.05745935398680513,-0.1349129453883302,49.345166072553575,-364.546864871122,56.624555624679964,1.0092230881842075,0.02819211954649538,1,0.04175553371984741
XLK,day_100,-0.02353478941342535,-0.12530160857884964,-0.2558189115413352,25.46386634098819,-287.5022526887493,-0.6840715506129649,1.3641024440999265,0.03671784318438455,-1,-0.11320170180756403
XLK,day_150,0.018480782447274136,0.1127218485237933,0.34215001650407983,83.37433568639327,-196.77723824885913,87.76786848913567,1.0295108085560167,0.039520831160594794,-1,-0.029550531761862082
XLK,day_200,0.08439026606225353,0.04101805483623444,0.27966401564659416,66.7493945334008,-215.6062043807425,69.80653044066376,1.348617283045028,0.03140259978825148,1,0.050058812670677924
XLK,day_250,0.0026941768778041553,0.18422843681400436,-0.08709672021996351,46.779483441942716,-196.62249411368876,60.835451789281194,1.041673592322883,0.03682803799847255,-1,-0.07884002277931526
XLK,day_300,0.013102529300212717,-0.1174869754425677,-0.31185355440704043,22.379943351681675,-153.2952796678293,2.937703858816704,0.833105550715271,0.03040166788011456,0,-0.006692606465478476
XLK,day_350,0.02953388741741203,0.05142677838714671,-0.043523891444488205,39.370155743305126,-91.51142132590333,44.49094328657534,1.0548947089766412,0.03678344695638648,-1,-0.11885623198299103
XLK,day_400,-0.06387950303525947,0.044658803719653584,0.06248168919974062,58.73999865096013,-71.25512185754015,81.69910858418145,0.7099379583437068,0.04007706427202475,1,0.07985771713760755
XLK,day_450,0.042262403598358755,0.1073234855102636,0.2550527330184691,62.043993864962545,-70.67318178107313,102.34605001799125,0.7235553021618985,0.03402702415640283,1,0.048192062264177625
XLK,day_50,0.0059965310077751965,-0.03186740011854605,-0.055744491405077534,26.560400264992907,-228.38362179290155,0.994275094048573,1.0922486606392137,0.015151702769990194,-1,-0.0532275248941469
XLK,day_100,-0.020370496196507215,-0.03590387811233642,-0.02261947810318876,46.476551084191875,-202.2834573685863,23.990897770719787,0.8218450423601796,0.01397922127943404,-1,-0.046488262353716545
XLK,day_150,-0.02025706909955971,-0.0027233665457505607,0.014256153312116604,59.40350149168989,-187.841227156149,73.63730589063827,1.102150925535625,0.015753329210229306,1,0.054140002990402024
XLK,day_200,-0.013634509574317222,-0.022429184048353035,0.05716138897275913,67.35890557394916,-187.43275758984194,64.84667889099859,1.0796874668503216,0.015063290520183712,-1,-0.04268556889142286
XLK,day_250,-0.033448812892529656,0.048020845784779276,-0.04832962711379851,61.40405950965639,-167.30910189979323,81.69908955121164,0.8131064335852074,0.014616162136798894,0,0.002548157691156245
XLK,day_300,0.0010920408548200644,0.008012379316545637,-0.05151038187939727,39.98974055425272,-164.07250916328667,39.8689881846214,1.2417876918026638,0.01597374165106164,-1,-0.08228753943460089
XLK,day_350,-0.006371651115378962,0.021128352152998575,-0.014448259953690923,47.334028164609094,-129.8968054104085,61.631034900941884,0.890734812776486,0.01394350915234058,0,-0.00841026547693834
XLK,day_400,0.008753613336483168,-0.005966951070862425,-0.007942723643379557,25.05975662396048,-119.14135293592243,13.470287475011064,0.8237830120807846,0.014429873844580297,0,0.0004192168090860673
XLK,day_450,-0.008680322898154125,-0.01294454395122746,-0.00662122438639845,52.457092383356695,-114.71219812905433,45.744730986812286,0.9578627449391388,0.01400262746484485,-1,-0.03480236131614625
XLK,day_50,-0.04609380366657623,-0.09371359088841524,0.13255982832832736,55.43030593962513,-165.25712657808558,57.25009803804376,0.9769808834141833,0.028320778839561377,-1,-0.0460719452653366
XLK,day_100,-0.008550489411892181,-0.008276704637383614,-0.017983199582128573,35.346800857955216,-185.74981511370672,26.200042230472338,1.1991395100324613,0.02805720591577261,1,0.04102096705081369
XLK,day_150,0.0513248628535905,0.11660775620616537,0.009729715379167558,42.41715865018811,-166.88347508050936,34.03249437321885,1.0698940314366434,0.030246691773395906,1,0.07371102983556449
XLK,day_200,0.0024140415982372154,0.0081050346445517,0.12591506112584594,62.311146994568176,-238.4346036811725,56.22200375671959,0.7619096866173438,0.030022789841951846,-1,-0.02915320531703777
XLK,day_250,-0.055910982773326956,-0.057667630851741536,-0.0012784120266005061,57.9529599551697,-270.3301032574546,56.89893429798608,0.5696922632528789,0.03368527380817712,1,0.06425683928558179
XLK,day_300,-0.0065019385899690585,-0.106459707074402,0.010498733184219677,53.62092734795142,-372.47256900929125,43.866830498963495,0.8120970678391056,0.026426680215462447,0,0.006774630109470336
XLK,day_350,0.011061148460230097,-0.038405715977698374,-0.024752131506978303,36.13955164542082,-295.6444167944453,11.780833176459918,1.0524945673371326,0.02616860078878672,-1,-0.09921574276861514
XLK,day_400,0.03285272515535986,0.10684240169214299,-0.10396409676553531,36.29779478315766,-226.15928110760032,36.05325733261501,0.7536619803516381,0.03206040854732061,-1,-0.08033264508418818
XLK,day_450,-0.0320114769850357,0.016391828119149077,0.018666597676693986,44.37769771388147,-195.4131334376482,39.81984415922096,0.8818508280759995,0.03052684963001449,-1,-0.03774975777791388
XLK,day_50,-0.0058480674760773566,0.08241076918634094,-0.1103535572752069,36.9139657074174,-386.7413356921402,35.16052016803862,0.837392259889817,0.037391216431623055,-1,-0.04750235765949255
XLK,day_100,0.025615573991994323,0.05546064385012217,-0.006705595013322019,49.229659443882746,-374.63692028268565,48.18737066542072,0.7360752406325599,0.03690070959913795,1,0.04688366698266273
XLK,day_150,-0.016009019144703318,0.07337939921114534,0.06501366907879658,62.213169533360364,-456.9801540075383,82.20676520156513,0.743018504893583,0.03731175691019072,-1,-0.02574213343579959
XLK,day_200,0.04399101435524155,-0.11916892897886766,-0.07631671071491852,28.87310782703389,-439.8869204338877,-15.638924922940129,0.9118305457964001,0.03266917281442958,1,0.03571997974538908
XLK,day_250,-0.06056873331822099,-0.037455166836849796,-0.0010324067220609523,39.41489237062823,-409.0428630484731,33.742211091802716,0.8118419659682012,0.03826261610468667,-1,-0.01725651177137054
XLK,day_300,-0.03004956930099656,-0.21810522284449307,-0.338872671650305,27.885141155179014,-264.8997626997318,-11.407537072707457,1.3396479370721524,0.045556568361763014,1,0.07061734605891243
XLK,day_350,-0.031335923464996474,-0.06196328654593963,0.24374433437276388,62.326446781355436,-201.17919778879983,62.250597421063055,1.2089744274187129,0.038007532192942596,1,0.07580646041614118
XLK,day_400,-0.04655159668046893,0.09964035121391479,-0.03932066263848488,62.450991301903656,-156.61760892116615,91.1739003479543,0.7580339975620809,0.04520698010308504,-1,-0.041121667232408815
XLK,day_450,0.020395722114847192,0.044780295594718966,0.18641466725435651,68.23940911080862,-131.27319480637112,79.06320014801244,1.1414858058364432,0.037241864374985736,1,0.04296129156473
XLK,day_50,0.0036636773457572325,-0.03496660322420875,0.02414602696138135,54.460198475874286,-482.8152177610689,37.17441940597093,0.8597913028004874,0.013546633355209805,-1,-0.010347661517846813
XLK,day_100,0.008807923717090382,-0.010950191129860287,0.006096839715740154,57.41580835997649,-512.8263602193975,39.909250158931734,1.235647432489227,0.011825148962840358,-1,-0.025728094568505323
XLK,day_150,0.007176445843395163,0.008820692200699476,-0.056294375343156955,38.917363261862214,-477.19241864588065,29.033172936837786,1.1232596197098124,0.011416011531447025,1,0.012563173841292706
XLK,day_200,-0.0035071643299873223,-0.02523424865267143,0.011159466997610279,42.6803092725394,-501.8850426977006,20.755967857933356,0.8650695815317593,0.01251021158043951,1,0.04758517268485144
XLK,day_250,-0.015801785528248624,-0.04437415740583517,0.061233648752067715,43.806140853504196,-593.3124934658565,42.28529397366336,1.0259625264536187,0.014296452281845536,-1,-0.03494719426906028
XLK,day_300,0.004727648658332972,0.0057780342049307265,0.027092429100611604,50.67321437941343,-594.859967151239,66.70097555694147,1.0827039598054027,0.01436041633786631,1,0.040885004703356015
XLK,day_350,-0.006572895085339869,-0.021055066293853453,-0.0563814043099895,18.919723184837522,-582.3937695181374,10.308400556080125,0.8378919536298473,0.012336124514109384,1,0.021726918571881467
XLK,day_400,-0.014104682033383664,-0.014604549216306495,-0.07515711548663706,35.62590835506806,-630.3120001409949,24.462673147504297,1.0002969012291254,0.011244296288414125,1,0.020304529957172374
XLK,day_450,-0.019180425156757108,-0.059497269428597455,0.04415313602741011,73.12702848069263,-650.4817643155851,67.42991791956953,1.0402885218405729,0.014754680442643222,-1,-0.02055814510029741
XLK,day_50,-0.021219466111263796,-0.10972690849840805,-0.2600528751372092,24.327108950188972,-324.0447031163602,20.37880241890926,0.8128118882554819,0.03925236418583166,-1,-0.09448678306673462
XLK,day_100,0.03892123628850763,0.01174566614212158,-0.15173012293308874,27.086012650625193,-223.9385810588621,13.52403770303309,0.7495566495914787,0.028439361095488315,-1,-0.21485063340453264
XLK,day_150,-0.01743661038455291,-0.04308003535476079,0.0013685667987091144,52.51179104835306,-168.93449964189494,54.61193598838031,0.8848497701945003,0.03253451305515947,0,0.00531268704952436
XLK,day_200,0.04396361411958538,0.011326864393047975,-0.10384188112407677,22.728874214110732,-242.47874689693367,14.753708395129445,0.9265220286654504,0.03548745342037253,-1,-0.015367599004806108
XLK,day_250,0.04833345830329905,0.06081963428722559,-0.005778820457285616,42.918971807219044,-259.7973179350287,43.713550771194015,0.9849893253676598,0.03652510713914087,-1,-0.08590595699512564
XLK,day_300,-0.0008623128782672129,0.060699069091642244,0.028869612121911414,51.685126563065275,-223.7384445689676,74.19491074941556,0.6476231888271534,0.03765255894873494,1,0.07585651610114075
XLK,day_350,0.040492127330181704,-0.01651721485340174,0.231885769168799,65.48420844043514,-305.97243090169195,62.651200129809794,0.9824093906798071,0.03300907398821562,1,0.061023248718904376
XLK,day_400,-0.009468984951901738,0.09230239792255168,0.14797189908805564,52.090114968334824,-353.4651234574252,88.87858344758949,0.817393831253998,0.03423985614911697,1,0.030703156772585474
XLK,day_450,-0.013824650903225044,-0.09874977463592516,0.0637729186537106,56.570017019270146,-285.0605318385056,52.056982583784425,0.7686581707718577,0.032260772005180245,0,-0.007305535507111215
XLK,day_50,-0.04629879990276198,-0.008381165600683138,0.16914793357669722,73.0108441165666,-240.02666387025744,87.46169944303188,0.8627894507393664,0.01824449468047731,1,0.08035723720105373
XLK,day_100,0.025670753115263123,0.019975698071060366,-0.14707498137922093,16.55099284727291,-274.9007055849012,15.36820946562259,1.0527351789910773,0.02621688009840356,0,0.0006104728007879327
XLK,day_150,0.04318326833722885,0.07186245501664534,0.04047742640604102,59.540382156846704,-253.0631324099937,76.64366557457281,1.4642264197634065,0.02290236320032282,-1,-0.0268170969253166
XLK,day_200,-0.02338604000313249,-0.0525743840040761,-0.10177717930729036,38.92368076658863,-240.16605441008352,12.231028994151403,0.8004608970932244,0.02471762732257226,1,0.023130194112765692
XLK,day_250,-0.0021529745421714486,-0.05485835041056519,-0.15541384031149064,36.832743580180235,-168.9810224169722,6.285856047714647,1.1385727146848879,0.02610372559174025,1,0.06661955124231027
XLK,day_300,-0.03190885963423018,0.005797976576861874,-0.09104589505672123,46.20494535165508,-135.52336302117368,35.6260150841813,1.026210176473554,0.024141750061721992,1,0.04180287101782468
XLK,day_350,0.01038596121211044,-0.057472902387197156,-0.12042242076523202,12.04670430777162,-101.38022847097692,-2.0388212827223877,0.9677788658347858,0.021227655427045074,-1,-0.1040092277052653
XLK,day_400,0.012298686023385796,0.01806790188973406,0.07857084480312815,59.516459853502155,-71.76969612250281,72.57568264009798,1.5662210264012064,0.026796528559742606,-1,-0.03545290952470242
XLK,day_450,0.009683425083307329,0.10729273918479709,0.1275912890189721,68.67470085955402,-78.03414923041343,97.6684939565957,1.3986779960182745,0.025580932463382184,1,0.04281470817377905
XLK,day_50,0.029038550162785004,0.08323115664396652,0.008142150219887956,49.13312328847883,-54.987062163252624,44.483899306576234,0.8835142623379142,0.03130649497624791,-1,-0.03917874161709185
XLK,day_100,0.006075536349419375,0.012815501848746802,0.057171846693591544,57.37079435922809,-49.38771193843974,62.61049972937557,1.2734554937835385,0.026091915161203263,-1,-0.019670840500345923
XLK,day_150,-0.02929097593203389,-0.11601544690962184,0.020242953151956344,44.681720850572475,-51.855257040168986,33.1489392782033,0.9601732239907722,0.02856834890619468,-1,-0.10927764303343243
XLK,day_200,0.035427129289972825,0.06268085715255123,-0.05591557766668431,32.54484161972587,-43.04835379893209,22.54903262645552,0.7673896126907521,0.02984394304566394,-1,-0.02008883150801723
XLK,day_250,0.02089387754494476,0.06471058040727562,0.0057474548093097155,52.79606431597503,-38.58768351902171,54.50706665049571,1.122620860165624,0.03441535056806194,-1,-0.02500998526883209
XLK,day_300,-0.02233586813377164,-0.16311594612680747,-0.1970855198371233,28.320677084002142,-38.30944231011633,-12.015947903858166,0.7379400449188929,0.03164783186892067,0,0.008613810692622023
XLK,day_350,-0.012367421056128203,-0.0856458183226676,-0.1901918304185628,31.664954545151843,-31.909178764728367,3.9683320106991355,0.8352155317825518,0.03130937338716147,0,-0.006244386771072187
XLK,day_400,0.06153187524639647,0.09740127192960601,0.1172127516937056,60.745549909460465,-26.937444434560163,79.38975610953523,0.9967241861459805,0.02369100378362314,1,0.12146687554016393
XLK,day_450,0.00046962677174167133,-0.04670181794900674,-0.13163897670472768,31.411177861146868,-34.68867207865848,10.399690108385286,0.9389634881014902,0.03247620978179115,1,0.07341517834460337
XLK,day_50,-0.04504018337794835,-0.011242812052311368,0.13159358384124387,65.22640434549372,-369.0611318320362,91.33911319889194,1.2656061306789617,0.020594021860442593,1,0.14556643142450545
XLK,day_100,0.00480503297912982,-0.022507105849112308,0.1626156799122105,59.68436351616427,-544.6737926746697,69.1012870354517,1.2911524145663211,0.025275976374432917,0,-0.006144837606159738
XLK,day_150,-0.022660703563462947,0.007308171279506004,-0.08874473319745091,48.59316241754951,-581.4747538081,55.34922838480531,1.0816596542102583,0.02416599495343186,0,0.006682986395346032
XLK,day_200,-0.015224733658757539,-0.007583902385093766,-0.019360452764764058,48.07921201998544,-611.8035303762599,40.034470902572764,1.1750147241969284,0.025895634775045345,0,0.0009766596137156514
XLK,day_250,0.03693399562413813,0.08786286719530634,-0.028770290366031737,49.0263088364065,-630.2109073009342,57.89227675013586,0.7945609484865085,0.02288905582621279,-1,-0.028034984735150658
XLK,day_300,-0.0021194849237881064,0.09778194544719931,0.10336463171424848,81.74644905843917,-586.8345766321008,125.9843668711483,0.7890714315581508,0.022738430264146643,0,-0.004206459143315817
XLK,day_350,0.07583751624496693,-0.04873581641524505,-0.08266370548330004,28.281405581834065,-565.4368638679995,-11.672479248024391,0.9470315246764889,0.02412398664955343,1,0.025903496034146108
XLK,day_400,-0.01090984547553464,-0.04718836583617436,-0.03451431722359222,19.31534913141445,-541.0217759942274,-2.4655686229182927,1.0226892888712062,0.0207726511319812,0,-0.009721531340022137
XLK,day_450,0.008015053125325355,0.019975697593030528,0.16808688185143628,76.09557717028058,-572.6445440642086,81.22806323633073,0.7946238899338537,0.02520832850360154,1,0.017912526212890995
XLK,day_50,0.011382092318308557,-0.07230984858871325,-0.1669695180161469,20.68224744048416,-394.01052253142075,-0.47037905508345396,1.410905054820376,0.0164686412527932,1,0.07995511565339561
XLK,day_100,-0.04628159197250237,-0.016325006813335707,0.018267355272307606,41.90531467118676,-347.05099054518314,50.661955290631646,1.1266804866596547,0.0236811940772613,1,0.018993352659267226
XLK,day_150,0.02383167726664559,0.04194034521685941,0.1669407289020517,70.15102917525937,-385.0773103185249,89.09943630688275,1.0278439586319952,0.01836842992198168,1,0.03262945941495359
XLK,day_200,0.007910138889672735,0.0010208645051954512,-0.025977689939763238,33.49130971629518,-473.6186631455202,9.998128664444437,0.8398111683973013,0.017765497067926763,-1,-0.01255415156706144
XLK,day_250,-0.01195115092099397,-0.01824500150167807,-0.024939381145784312,57.88611742353294,-526.3615187174937,54.89410710206888,0.9237891979009731,0.016996523393001953,0,-0.009168406371542738
XLK,day_300,-0.00605784559696898,-0.01808468881460068,0.12259200343471455,49.15087381473534,-541.8060319896343,59.99397013240168,1.0594061736622669,0.019594403949426922,-1,-0.044191313363799126
XLK,day_350,0.0015060156264923297,0.061543343094107916,0.2232012304367248,88.8786088112236,-566.6548080496253,100.08337633079694,1.048666854495837,0.020467911971922617,1,0.03723258274465701
XLK,day_400,-0.009436185437357691,-0.042656195908470584,-0.023639461998131495,29.92073909084975,-672.7208518603171,7.8920426130402825,1.2835882047634612,0.018308274529699076,-1,-0.044008050510508115
XLK,day_450,0.008242204538357223,0.06961467926472453,0.22840487787306163,72.58642828957446,-672.2796236314969,94.80142145436474,1.3075559859861703,0.020521745645526227,1,0.011485740514330368
XLK,day_50,-0.035067456454957346,-0.16613899139364974,-0.21434793349506587,23.030571039907457,-106.50777314923636,5.603094405498344,0.7447828268267632,0.040448144147302405,0,-0.007276984379443167
XLK,day_100,-0.015628402206663727,-0.08549113772543782,-0.04725279895126433,47.59456003627674,-91.21771680312882,46.20873280574103,1.2584419753308527,0.03596657490097346,1,0.09233905259401454
XLK,day_150,-0.07378387515720453,-0.13673630616656418,-0.2103260952224112,28.56451592730602,-81.03503785093595,-11.273085071484415,1.154472218199437,0.0345868659044947,-1,-0.05436893200193349
XLK,day_200,-0.015796267099459138,0.048855385579811283,-0.05071106887992349,49.89801976004348,-42.957088399559616,56.06873752605508,0.6119603007622384,0.03457431378884748,-1,-0.02755780439107083
XLK,day_250,-0.052432834267035044,-0.025703297606311182,-0.027820815910443164,48.78140932719352,-35.93500384433523,58.98040936490453,0.9041995018220386,0.02907649908663962,1,0.023490679415032654
XLK,day_300,-0.002831636624412881,-0.11628864246813075,-0.037087295079052285,48.64448100625835,-33.19797926434523,14.759100601685079,0.7957584980502118,0.031965120259151124,-1,-0.15589286112735654
XLK,day_350,0.008663555905238152,0.010456395580968447,-0.18795829896922278,33.376918807958674,-15.370885188694244,30.40668632818273,1.3267390872683107,0.03422533243215091,1,0.08928493111129503
XLK,day_400,0.06447911130067419,0.07713862989782871,0.12648348180999291,42.38244283541929,-15.852941953110662,43.67629566685329,1.1933212261605577,0.02892615119930917,-1,-0.11390817286401847
XLK,day_450,-0.08004087233033863,-0.1607705838998934,-0.2969909330030718,16.942824283995904,-13.003136518242174,18.298010132411736,1.0764864767891666,0.03954371246702929,-1,-0.027884004667550824
XLK,day_50,0.02241643199950838,0.011749185717956134,0.0992774563818839,51.25098904048142,-178.07176221883313,47.78837938649589,0.8886879490380871,0.017934446913705986,0,0.0034798047144524243
XLK,day_100,-0.03011686361220045,-0.048750331046132134,-0.10994130444459616,29.692761394218323,-171.4052117130526,16.71916213920656,1.0165825115165301,0.01860742474334659,-1,-0.018738663839736814
XLK,day_150,-0.008019278155159348,-0.033067605177295234,-0.03674291195562451,46.62241663603349,-157.73181774314932,8.946861962627771,1.009022820467856,0.015869754184722216,-1,-0.05694913372185254
XLK,day_200,-0.0292752947193764,-0.043770157545104604,-0.040254152223475725,38.48951138721783,-146.96495145005522,15.214916123819112,0.9225805114684807,0.013179631446183575,-1,-0.07622036536154643
XLK,day_250,-0.05188605127143331,-0.012668817882545147,-0.15682190776574434,41.533802495162995,-114.85950271700456,39.81705302585154,1.0049485475401854,0.01958606890470755,0,0.004495265946538543
XLK,day_300,-0.006101337717737576,0.06358127191154983,-0.0595300872738137,35.01141667994237,-108.88801764311698,44.29096689641524,0.942509308494316,0.01629446693006053,1,0.10825523867554894
XLK,day_350,0.017753289454794263,0.054455084906810614,0.10497665247565657,61.81049262727328,-116.78456096413008,91.75311491583393,0.7479773453377718,0.01567942723088675,1,0.09930851359304961
XLK,day_400,-0.00491036194742156,-0.003211737480765531,0.01617525176644774,66.21769937170538,-159.37662183705464,70.2620328752676,1.0771547778313015,0.017703608069852994,1,0.020398931879919906
XLK,day_450,0.009116602543705277,-0.026451499009972568,-0.05249697906159645,30.940297831115174,-160.7988351678959,-7.250556970955158,1.0403285928409094,0.018983819641735643,0,0.005790203710014046
XLK,day_50,0.004887788731416709,0.003481842533616497,-0.019497126350738858,44.38430327229342,-419.7296043144894,40.17243660316929,1.1808541585710404,0.01262830654100414,-1,-0.025244895652252988
XLK,day_100,-0.022433344019689216,-0.016047900283747363,-0.019559432725162584,56.4680726681113,-474.4607343398631,68.73774562952588,1.1403414046765465,0.01154281757446947,-1,-0.050726831029421444
XLK,day_150,-0.001206534151093952,-0.008261798195437264,0.05420270757874346,59.975270820890756,-471.08393447693993,75.75620770251275,0.9268856010790051,0.01389188580578096,0,0.008324994110636202
XLK,day_200,-0.006756744921205482,-0.047807728297810326,-0.13356626115309445,20.559550121970616,-439.5761209335719,5.899410840409865,0.7114716243722407,0.014720985418012849,-1,-0.02635216192774779
XLK,day_250,-0.020937120603335746,-0.04246922533487962,0.004779355153563758,63.600860440158264,-398.33604357341653,65.11157461967083,0.8799184467838298,0.014020104811967282,1,0.010743490419815122
XLK,day_300,-0.01329649380115172,-0.032070795912736094,-0.046169913539821805,42.84934611979616,-374.8977862308169,11.367743769181862,0.9673905286625258,0.014224005980243844,-1,-0.010975407780255768
XLK,day_350,0.014499041449568706,-0.029375116982333083,-0.02040439956004203,33.42362596280083,-334.1572170091283,2.354508445877748,0.9652867487054678,0.014306438539096852,0,-0.008728278256614517
XLK,day_400,0.002871317300646492,0.02031688236494178,0.014982310985525604,55.61021954599056,-304.71837250599293,87.7357083810819,1.067679053382521,0.013420029362702198,0,0.003988099149572126
XLK,day_450,-0.005765079722513722,0.015534206773320625,-0.027649875561848947,60.730978329142616,-292.0514619490073,74.85323273474545,0.7709287055003181,0.012740072669865122,1,0.040125342378323055
XLK,day_50,-0.053612246956814213,0.020110790521528532,0.3218107346438108,82.55755534342964,-211.74934322947473,88.59458648269887,1.3132696600603853,0.02926402513164443,1,0.07732634966660008
XLK,day_100,-0.01675011124428294,-0.016608047569064754,0.003951758135856354,51.216140821576616,-298.3370201869385,65.65274892590122,0.8693679790421591,0.031058142330373597,1,0.03331885899197522
XLK,day_150,0.014623607814620021,0.025016584048744184,-0.08702009827505885,35.48886973135025,-328.75418091166495,18.159402542900096,0.7066381310040983,0.028933151089158757,0,-0.009197875034114757
XLK,day_200,0.022012147729569387,-0.05690284941324597,-0.04075827639982743,40.27783106654747,-295.24619566164785,9.41909274886702,1.336000833965322,0.032289623375149054,1,0.10386328025043051
XLK,day_250,0.06421203506039141,0.06780449220412121,0.20327981531934847,52.96891545551489,-308.83043544758414,60.44034233192056,1.1595964604065807,0.032345818273900394,-1,-0.08127064944548827
XLK,day_300,0.04129661677220242,-0.04030202391121229,-0.26438306389846356,16.310621084759873,-249.08423787176116,15.151438441766373,1.0223164819598234,0.03739365342058092,-1,-0.03582225194312498
XLK,day_350,-0.05188699018804077,0.09134645235710859,-0.07185721859720395,65.61356743155554,-171.33434319635086,94.33631549012863,0.6923567826839941,0.03536852020854664,-1,-0.0737961579831412
XLK,day_400,-0.039283948879560104,-0.018476086465964325,-0.23103132335002774,31.562892707128583,-157.32233817735946,27.200982836035063,0.7084130727915429,0.03369353663453672,-1,-0.06931395059515924
XLK,day_450,0.025126518598591385,0.059419928336389205,-0.18702723992097636,29.759522624691314,-112.93713973940446,32.30579145861508,0.7371890397362977,0.03287543909510807,1,0.03534331257280544
XLK,day_50,0.0317773760193969,-0.006309235209484121,0.01707023538625685,55.03559522953139,-233.75947203431855,58.02295739449548,1.3196411732477824,0.017388442259296866,-1,-0.010313740282015418
XLK,day_100,0.024008182944875944,0.007892344768840598,0.03523690205350549,46.766164358890855,-250.29327642413617,51.10212714084882,1.3338629288653734,0.016927194881727357,0,0.0054381623109770105
XLK,day_150,-0.03221613583256411,-0.021273562278903535,-0.06854977864740108,55.94827885612689,-257.2285926179263,49.656578029282464,0.9001293745122357,0.015296782850614544,0,0.0036983496821979124
XLK,day_200,-0.030734570752698587,-0.058237164238549965,-0.032460684689458286,47.43817675119822,-222.78288604072998,13.827490366692071,0.7797562105732913,0.015717528223061234,-1,-0.034474061955818744
XLK,day_250,-0.002685925167486447,-0.06101354935020831,0.02180216025637227,50.871614190927005,-246.09721871015213,34.244933346704244,1.0387703516625153,0.019894658677444537,0,0.006749050310116483
XLK,day_300,8.188419261090374e-05,0.022497676182215542,0.09335692235041804,75.67773189603027,-237.19537133296782,90.73410340271846,0.9245341417269298,0.014803949095889299,-1,-0.015377361095566245
XLK,day_350,-0.02444803868431411,-0.02634125980767632,0.0027325103218029945,58.93098914923629,-239.6332157527871,81.41149500795241,1.087528335612726,0.016291163344092377,-1,-0.05888232420990498
XLK,day_400,-0.0049571042111087316,-0.006125870446078152,-0.03735583844897239,46.11669027338034,-197.0121913844347,19.292821920176866,0.8417863444139803,0.01699630253787455,1,0.035316976076035664
XLK,day_450,0.012972864396608719,-0.0542215166978518,-0.1102938331247636,18.304093157105086,-200.83980647714537,-11.890335853043613,0.8646671769332162,0.017651925654474276,0,-0.007745358366726837
XLK,day_50,-0.02170312660960827,-0.053990188179379395,0.10447490969064654,58.776896760052026,-381.49773209470044,74.11586024580237,1.1646199391558572,0.024421983636792332,1,0.03933900725995704
XLK,day_100,0.03436387288607623,0.10455858318078248,0.13679726410340232,75.3770700890256,-350.5379238441937,100.87081337739528,1.152466796571718,0.022238446014323645,-1,-0.032943844064046025
XLK,day_150,-0.012966280177515999,-0.02345998662028892,-0.11010497825083687,35.475760933963656,-354.1976099334149,14.905266099735032,1.1874966119230523,0.02184399039802871,-1,-0.12784553819676803
XLK,day_200,0.0038875044947246362,0.020111219411679704,0.016496682556717657,59.60654462348608,-279.9111175795788,62.53869605262336,0.7300617458138423,0.023772867992575115,-1,-0.019634801332278348
XLK,day_250,0.004323858798490177,0.034201004503058074,0.14159009558300184,51.119151477481196,-302.3672613730388,68.64230927653064,0.9457851387837798,0.023692924453759333,0,-0.001296385725946687
XLK,day_300,-0.01853984950759502,-0.017252076229700153,0.14882985448844543,67.10785270015238,-370.80462687417594,85.4783137393086,1.0917724125648631,0.026655708470872442,1,0.04942811126280033
XLK,day_350,-0.01058185278959689,0.021207477578380818,-0.08959541573223795,37.92327812268785,-436.57891169936204,30.51636322624362,1.1001459935549316,0.021665312681908775,-1,-0.05793617099900704
XLK,day_400,0.004376197044966723,-0.04331584974395164,0.09512631347975686,61.45502998449589,-335.50353859605434,63.09119519753076,1.4331857565237363,0.02696270474712828,-1,-0.014030090579948168
XLK,day_450,-0.011704593776758476,0.0009108061847038496,-0.13900036692403417,36.73434756466986,-303.2591601527327,31.167271314156764,0.805125676641073,0.023561258203907677,-1,-0.06767550054095613
XLK,day_50,-0.0386977880462096,-0.13820571820227034,-0.2556428608020579,5.73743676426686,-220.53135257405492,3.178984389351243,1.2451600274836516,0.03114326744612944,0,-0.004054606192707108
XLK,day_100,0.024677886486029976,0.08812870789520555,0.12398857647736339,71.97639067761304,-156.1065398962012,96.73942178303369,1.0188165373355271,0.035874327871218144,-1,-0.08851539230163871
XLK,day_150,0.012317827139205262,-0.08589248210908706,-0.1004860520303269,33.90273119962194,-151.71789241114,-10.73310008433783,0.79660286855604,0.031970304960911675,1,0.07133398848691926
XLK,day_200,-0.02050045565526326,0.035331459718559,-0.14586300141625197,37.733595767869,-199.6567950382913,42.32788434805918,0.8552436785982224,0.039178923701890446,-1,-0.010624197164548783
XLK,day_250,0.03044520572403986,0.10599267514053068,0.07900245456735822,62.58685944695411,-155.2601012183541,106.04812068390737,1.1112298391145676,0.03827203885874838,-1,-0.03485939451615587
XLK,day_300,-0.06765334341688356,-0.035942114332551456,-0.0809992899155253,71.19260776496776,-156.95793447705353,87.83051431151391,1.067295061142415,0.03743637155013313,1,0.1829165065444329
XLK,day_350,-0.005974600146871678,0.005303678006802537,0.18451632915420202,60.91195512794716,-161.84345860453976,61.05591741883673,1.2411964199550196,0.03860688055632661,1,0.026784240744460692
XLK,day_400,-0.00818019711790996,-0.0020437435306176477,0.2568098158098031,87.91587547486716,-212.97016128589658,84.57049155122253,1.08691683854852,0.03599615735876437,-1,-0.05728211441684372
XLK,day_450,0.019777676975332614,0.0038328961282654284,0.09760646265943951,63.02365069754269,-246.37781530905295,62.463808939352674,0.9368137239547375,0.03491674387638485,-1,-0.012388912599797177
XLK,day_50,0.00793897599329707,-0.02413484529665999,0.0876934693521636,51.8060612023947,-459.37179263590207,54.72330112496849,1.1149045360850867,0.042372886766278435,1,0.07592012336304416
XLK,day_100,-0.07133388717206601,-0.04531370216126507,-0.005727702924766431,49.09048356081939,-506.91936497788674,44.59443405617322,1.167134314622984,0.035395986950163556,1,0.12474251170189529
XLK,day_150,0.03123433014636179,0.10177365476837474,0.15224056030518485,40.32758121621786,-403.79564055674484,45.97962658809955,1.0858165633911065,0.03888730816264154,1,0.18633112312025543
XLK,day_200,-0.00797730009752784,0.04615155737043164,-0.06706032294472475,40.9084628147058,-566.9742033991929,42.11813962155585,0.8850828948050595,0.03137396881823587,-1,-0.01831831528466321
XLK,day_250,-0.027853796407095954,0.0025362931379449005,0.337315367843549,74.63438105448468,-637.3928487002249,84.77627055894597,1.0700225628799083,0.0386878572720594,1,0.10339788062870149
XLK,day_300,-0.03606492158027619,-0.05903745129405402,-0.13592641128512972,47.926771656684984,-669.1511263637938,26.269006367481566,1.0050577409742394,0.032900869969933216,1,0.010706890506562228
XLK,day_350,0.03328505391696113,0.07552593690918141,0.16080795061180964,45.001106824979544,-795.8637830009807,69.45241037244023,0.7942815031498377,0.03150166962822324,1,0.0579272663096533
XLK,day_400,-0.04377772324688278,-0.023721100022182418,0.06733080661144619,69.71831130933643,-928.1933233749553,86.26257852692922,1.0564785817035571,0.02700901537352493,1,0.0105162379750644
XLK,day_450,0.002784454488786503,0.10163164156555227,0.24786927635156975,68.7908487988683,-1237.3934588987656,100.05145762181469,0.7533058046678026,0.0308679923075332,-1,-0.053102310535962226
XLK,day_50,0.03314871660208829,0.11775210548081683,0.027135171889764997,75.14485928340332,-293.51576002723493,85.57448805704568,1.3000093177095793,0.03639692667897762,0,0.003776062677728709
XLK,day_100,-0.014770375462064611,-0.01461211036474086,-0.2158076378576812,34.95044221796056,-254.09617280162607,27.866867100880217,0.894208677040782,0.03060910216448963,-1,-0.02577444030193426
XLK,day_150,0.0028180165807016877,0.02246054189433422,0.055765542601203144,50.30912832468968,-199.06251781853183,79.35161249005095,0.6701126125961834,0.035323326767100365,-1,-0.028325534112892577
XLK,day_200,-0.009435941267306958,-0.0831517965808577,0.11795318217590545,63.433687067685675,-221.21783979030465,57.44487777294853,0.917335217262076,0.034443362049773406,-1,-0.01625920067951603
XLK,day_250,0.03997065899369856,0.006349230155698882,-0.18170328971059913,33.688952405860704,-210.400018319951,18.40874674230767,1.0173532005702248,0.03734028898303856,-1,-0.11832191658354442
XLK,day_300,0.02249148978947213,-0.16056756254809645,-0.26848610715635557,24.016148903008514,-156.54198754239144,3.535644580989895,0.6972386468555082,0.039712463502253145,-1,-0.1239379260541765
XLK,day_350,0.04811218579968424,0.027513058255839606,0.03514123753973353,39.02701664963907,-130.99328598278245,25.949272733198654,0.9183775410827253,0.03548131951206338,1,0.10897288371533338
XLK,day_400,0.03557734734366158,0.006635368130901931,0.18187229667266935,64.67729034579098,-217.20886417389568,85.55288024345735,0.8998405777622601,0.04098926021332236,-1,-0.040500004901610605
XLK,day_450,0.11358121794548426,0.08929113950597078,0.048460951819134346,53.836608936044335,-155.8827660958033,51.26636332477934,1.00105315906561,0.04301235937083354,1,0.20038193201952612
XLK,day_50,-0.02808582620630984,-0.10491622951033608,-0.16091770739166633,21.618927208375226,-80.06973025811946,-8.508847690647492,0.6492669560908945,0.028315135512395298,1,0.03147969130258441
XLK,day_100,0.04008025199248233,0.07784242667329089,0.0022121686470757407,49.98576467482475,-67.09479723246596,62.545992280351385,0.9264211106129862,0.023548665082121795,-1,-0.055806162154642895
XLK,day_150,-0.0420145222721483,-0.009970554429350797,0.12663628358203538,82.55510610563265,-88.24074600115908,87.58512638232752,1.0040715584323234,0.02848454867433164,0,0.002182637690994021
XLK,day_200,-0.011932945306934895,0.06062772524619242,-0.1189527421145824,50.8208784071922,-78.49476879993603,41.15251005751732,0.8803511683335761,0.03043393158157551,1,0.05210526020863649
XLK,day_250,-0.06251471501238592,-0.12722613841455588,-0.12105862023491099,28.76792054568014,-75.7207732120541,5.253252055383665,1.133085033500962,0.0258410165371246,-1,-0.10905134342636173
XLK,day_300,-0.02306031744492887,-0.011228800762376534,-0.13072900965612155,46.37312265358128,-56.55037129748394,40.169366178683156,0.9330013699242566,0.027307897980195974,0,-0.007193142721867991
XLK,day_350,-0.02692285489091728,-0.009078235102360721,0.1750172438576374,45.72061902965642,-49.29334368041205,62.72322000175631,0.7685893307950433,0.026934127568967587,0,0.0005011093841857857
XLK,day_400,-0.02565233357486718,0.009691564568898414,-0.0656036079794694,29.11974477768611,-49.591818153271035,39.884034087456826,1.209199442199152,0.027214324693160288,0,-0.005801793081877542
XLK,day_450,-0.011601799950355707,0.023532743860370076,0.24814750162378152,79.01609207983536,-46.05625636057137,97.51344460328909,1.1187069154212284,0.025971072538598133,-1,-0.052469635248473534
XLK,day_50,-0.03448379818950842,-0.06253001786758627,-0.12483060591035766,35.368637244557576,-207.78088089700128,27.147200807458944,0.6792878770170611,0.03523396640089323,1,0.029538011817420995
XLK,day_100,0.04460972608657121,-0.009003624957778733,0.01095548617238351,44.04726561450974,-201.75608696692285,30.22458090923624,1.033546040220957,0.029081983570855896,-1,-0.06461104897968696
XLK,day_150,0.03923609328044231,-0.03573251018696866,0.20272346495461524,63.86242313708581,-279.49761009925453,58.34508855632392,0.8222657565826288,0.028374921651088295,1,0.12631635934865967
XLK,day_200,-0.004893843555206834,-0.002622846770452103,-0.09274192321533636,42.53798701324902,-313.3805906355752,45.65553873463273,1.0789062368189595,0.03239421418290156,-1,-0.08711478155582228
XLK,day_250,-0.004123591674872973,0.142055704362136,0.1307067273009508,71.78397828207027,-222.87523697526058,104.12005570414293,0.8644031492264144,0.03433464319318239,1,0.04144109383843885
XLK,day_300,-0.004193097106314325,0.10289009960227147,-0.1227195605856386,36.824592091117054,-264.2589593434679,40.346691612574546,0.6898026098639158,0.03515613871768691,1,0.10907839098264022
XLK,day_350,-0.08036819855139776,-0.15384610038569535,-0.27572051913328033,25.910776082347894,-236.3757828942128,18.516839488221493,1.2026684381205224,0.02865041522011567,1,0.018323002417106972
XLK,day_400,0.005799471128669298,0.06469681789267456,0.1393415464650687,76.5066307391164,-299.87382475162985,94.9896473521099,1.337618651046744,0.032527305002504565,-1,-0.0646602479476273
XLK,day_450,0.016565332828350154,-0.05722857240721946,0.009882728349490666,42.749048182174626,-272.8652143350659,7.4342468642379105,1.0207034839767595,0.030127974134603823,1,0.041473144846977186
XLK,day_50,0.014454508759897733,-0.0014562913559743595,0.044004770138212246,50.187345247361115,-578.6606371316169,46.06002214370146,0.8638191555960629,0.027315648495745744,1,0.0457241497004268
XLK,day_100,0.0009758302252524942,0.09466341053575378,0.1629831520453866,64.77325419114652,-735.3701776521258,99.60654014707757,0.9740832828784607,0.024542667320373836,1,0.08008308181435436
XLK,day_150,0.01664822997543358,0.16914827899877793,0.2058775196920668,68.84836196251439,-803.5377942036664,116.46760700233074,1.0361999066142666,0.033070519008174794,1,0.07241186956335799
XLK,day_200,-0.018481521824888825,-0.00788346937342399,-0.08233278360893448,38.094300540321925,-894.1098930629954,41.03035539480568,0.9561228491900837,0.027583135657076777,1,0.07073727798346591
XLK,day_250,0.03292777619419596,0.014805529139074514,0.17336221336307367,62.66459640313602,-1017.7980965176599,55.92657829770224,0.9864124933833003,0.02564731468864472,1,0.04974450855490949
XLK,day_300,-0.04530816298434903,-0.012523717418318814,-0.12692024314840678,45.54539179136235,-1050.8902107886252,38.247083556752585,1.3601757860078567,0.022364377578978523,1,0.0818548197808969
XLK,day_350,0.047525302664997104,0.15665799305163386,0.14781981088000795,66.55853864977314,-863.352903958139,108.25472159428307,1.026088706937424,0.030662368297852117,1,0.02199923157659768
XLK,day_400,-0.021160488486572815,-0.0015178567780772534,0.18656568644642335,68.088851082457,-1230.4735217999835,82.42171340367189,1.4522419690579773,0.02419199496632108,1,0.1766164602522082
XLK,day_450,-0.004724133591740953,0.06105863917840337,-0.051339516249818584,57.05052546118012,-2047.4078682895583,49.49505832980787,1.0141224249014533,0.03017324094506174,1,0.12596841453291863
XLK,day_50,-0.011447125936339453,0.01141075204748776,-0.02629368913611274,68.90519819357199,-188.8025080019092,91.49719775349872,0.7668461546703949,0.022546617858488417,1,0.06421192711510781
XLK,day_100,0.009867044668969704,0.07142326519743891,0.1357429867661577,68.87904265244029,-208.7428845952792,118.95138266511817,0.9498034048523871,0.019854715073327624,1,0.024689421213047524
XLK,day_150,-0.02987163389697234,-0.005512679179385249,0.0514854413659831,78.2118993978427,-247.84711804295102,88.85447776227402,1.39231076830259,0.018921781332923368,-1,-0.030512628978249526
XLK,day_200,-0.0016836627634234658,-0.06679800792431656,-0.050112888784693,31.228174579380266,-251.9914048133986,-23.109515298321067,0.8793016287016285,0.019517857247133192,-1,-0.011066325253955386
XLK,day_250,-0.009077411720810669,-0.007068539766967863,-0.09959982228040964,43.10358023366781,-201.96189634572087,33.708364107252464,0.8304685422191633,0.018917693708111524,-1,-0.07222789814830341
XLK,day_300,-0.004324510237836643,-0.021332799177626538,-0.05450094664078764,36.60860462226287,-178.01744352407357,19.003187166506113,1.0202083746602524,0.019480484416051495,-1,-0.03871832672576411
XLK,day_350,-0.04245741863554975,-0.03297941363127521,-0.121605563089908,41.941153378354535,-154.58655326008613,38.889121727220385,1.4111534229467388,0.018782707394677346,-1,-0.04351340907753848
XLK,day_400,0.00738041014904578,0.05380699843131165,0.10989783649105878,67.1947672804089,-130.21657632624928,108.42545381548283,0.9185064711288338,0.01937331283641071,1,0.0534858991034387
XLK,day_450,-0.022966639111898446,0.030154846551458725,-0.008768301854398697,56.23083786270192,-128.1270831804161,101.13641356280614,1.0181192035119793,0.02072052578388039,0,-0.008316640285418397
XLK,day_50,-0.005350637321854368,0.04583980262949594,-0.05875028867693277,47.47870411398783,-450.16240826856347,28.096977014244196,1.3869398300214606,0.019522149374882704,0,-0.004749676364287817
XLK,day_100,-0.030807706846079363,0.014129476638808258,0.07900409901594374,68.10588087274922,-534.1749625769961,83.94483179072454,0.6470935378159273,0.024234906508256146,1,0.05445181103560414
XLK,day_150,0.04351225977697726,0.08752475547810779,0.005582401686595073,48.63828317817208,-507.3267840633962,43.07012506801718,0.9498259197302925,0.0232796524432496,1,0.03769463930079278
XLK,day_200,-0.0057699728031000985,-0.037711844766951,-0.0116978091026676,49.903673990098014,-603.3646099175153,31.02605881794449,0.7401002210819309,0.024149770101288666,0,-0.008624236106853048
XLK,day_250,-0.015113687076908744,0.008027745218955218,0.003862220316124265,66.12904106735732,-563.3220671163865,101.81804040458636,0.9100961169313784,0.021663858744965174,-1,-0.04036153398138126
XLK,day_300,0.007347485380554186,-0.014225198643134207,0.04881699917072169,46.88731797997729,-629.9930055228492,39.79296497952253,0.8680853735353979,0.017081589524927582,-1,-0.03077002256878335
XLK,day_350,0.012043779353914541,0.0012480552222933206,0.10044973580855632,55.38256612690087,-715.0587573316931,64.94177810434681,1.142678768062743,0.021541970283000804,-1,-0.014324582834553626
XLK,day_400,-0.002959975550777094,0.002813985493684612,-0.1618513985943466,34.22187758276807,-729.8035743912114,26.242189251465835,0.853802412601291,0.022116434108936316,-1,-0.022855270081142656
XLK,day_450,-0.013066905710814258,0.07062670121607995,0.12806343727444203,70.51880580479995,-677.4106980898124,119.86451806138653,0.9761318040091458,0.019981103950626026,0,0.0014236583724479986
XLK,day_50,-0.019639970095259418,0.014828919211280045,0.004221494247607094,43.97181178446599,-446.1216038511762,60.19524540909362,0.9511707229474122,0.04006340433033578,-1,-0.0345536399982749
XLK,day_100,-0.06840034182369414,-0.04333721598333529,-0.025656325387250822,80.73911527000384,-405.6238885034628,89.07740773516309,1.2005117534822067,0.036833300801127566,1,0.1291749789648073
XLK,day_150,0.030963083653228862,0.0899572520774572,0.015804213509254428,46.93044739308707,-331.7559478662383,66.67202246410982,1.0456897644745133,0.038715018277148516,-1,-0.051741373698824276
XLK,day_200,0.013459142584362871,-0.03722091703373842,-0.01889644547121294,23.847415936998942,-377.56262912658696,14.973224683428974,1.0043247418995207,0.034260230597769004,-1,-0.04845317406398268
XLK,day_250,-0.03059209137995622,0.07727499098171586,-0.17083236527703238,27.446124434705183,-321.00483888341347,29.349664653718342,0.7435705270718435,0.04594183416821563,1,0.06002567643962388
XLK,day_300,-0.05407551366503749,-0.1391820331874709,-0.1800745062618465,39.40512820557978,-283.01443467411394,-7.015431648966083,1.014100920668614,0.04040180570194069,-1,-0.05306726321981583
XLK,day_350,0.025933214468699894,0.08480095669260956,0.11294921367399224,76.6111758531333,-259.6083494575985,106.19575907973562,0.9365792145965359,0.04154764015275342,1,0.12177811775180043
XLK,day_400,0.030112264706981584,0.044868814163812054,0.05042037606650962,53.625736213722206,-259.9274655742868,73.54268130804743,0.832544733402286,0.036750957912824136,-1,-0.12038249481332926
XLK,day_450,-0.011480490226538187,-0.0035242933674367594,-0.11833552653292512,30.730620499847745,-300.7463976000191,25.501688288990472,1.200674930930868,0.04311558844790507,1,0.04250719737847928
XLK,day_50,-0.043501443190656186,-0.017584329545582533,0.10013083285364721,40.52638123439577,-465.3018732098044,60.64532521141012,0.7150129074392525,0.03614741052952512,1,0.10221159386130428
XLK,day_100,0.03282145260653402,0.12234817453034275,0.11280409226392107,48.924773802287596,-603.0707577549141,67.21097180480542,1.1625226695691218,0.03779604689126947,1,0.02676326496892583
XLK,day_150,0.02434684487010008,0.023103002789393257,0.05830316089634646,51.69774982626363,-658.3823468557517,62.238008727955155,1.0917534463276444,0.03758188071755424,-1,-0.03355310048936611
XLK,day_200,0.044486501223922836,-0.08417310064687655,0.10415323460521475,53.27155884794144,-690.2410052600211,29.57985155880199,1.1981065584820867,0.03195736243756176,1,0.07136746232074882
XLK,day_250,0.015321503099961165,0.012938055582248698,0.18208562470713807,77.55321974525239,-631.8156730508243,80.07967504272823,1.085675665503075,0.035977163266612065,-1,-0.03475027677414216
XLK,day_300,0.09482243767808263,0.04050975617314756,0.030601977935186042,37.860311444390405,-642.4966919864014,25.900593648766097,1.0788670836994902,0.03374607008761997,-1,-0.058356873262323555
XLK,day_350,-0.014754345626585619,-0.10462989006057044,-0.27336450132178525,27.75367339223611,-623.0472820209675,-0.0730605463070209,1.1558852437702403,0.04403855952042911,0,-0.001799736036897551
XLK,day_400,-0.018913199303058237,0.0012036245457633932,0.02732398588847107,60.18151388557485,-421.2220719624322,92.58054858023614,0.9059277231265421,0.03722853589749972,0,4.166712005570443e-06
XLK,day_450,-0.00458177738887533,-0.06054185645869048,-0.1424057750465001,52.54426773077382,-421.2449029556958,38.38419160303607,1.2341378799684044,0.03757097449318316,-1,-0.016876277575023267
XLK,day_50,0.007238110564513178,0.03602839649362499,0.10000277864804952,78.84953610937364,-498.4917659936036,93.3964638656995,0.9112288403162769,0.027060186108093635,1,0.09096526008127602
XLK,day_100,0.021191174464537665,0.11759318817688946,0.22120633144340784,84.17666659639522,-638.9117186503763,109.58483891610544,1.5841938255772812,0.029644632910329715,-1,-0.07394439534090974
XLK,day_150,0.016702759305789572,0.04201441260566008,0.04753035626679658,49.918108989784784,-609.8130828710903,50.91596246614418,0.8931188820829279,0.031545614913958846,0,0.0050378983444917666
XLK,day_200,-0.007535981414360293,0.04906554707361632,-0.01379298543376084,41.48366788861877,-689.6757441877384,31.398355043094828,0.9681265265185823,0.028934393434339224,-1,-0.08503852351695519
XLK,day_250,0.008425360879973809,0.07724870883430679,-0.030385512167899642,48.870370889310415,-662.7764926346298,60.79406170325357,0.8983403732627525,0.02942934639132504,1,0.06764498502060144
XLK,day_300,0.02796017894422942,0.019793939833705032,-0.19181386731909922,18.039499699044796,-665.2767375642145,16.6855143214254,0.8938873900118038,0.026203078923275655,1,0.08584137012406143
XLK,day_350,-0.005577649566110732,0.02662104366523943,0.05382782515356421,49.45848885767897,-720.4175713860227,71.28594770409076,0.705842620008802,0.029134402305430514,-1,-0.06321223680220588
XLK,day_400,0.013857603568442123,-0.0941224483476295,-0.058619005438754423,47.859856656211214,-790.3594211460685,25.20036162737315,0.9692979137119838,0.03873456734262811,-1,-0.0301930784306492
XLK,day_450,0.02097863067218375,-0.1156020602982516,-0.18625979297812234,13.952093239028798,-678.7788271497685,-4.1143270081817445,0.7792027829448415,0.03283698760609077,-1,-0.053458366825962673
XLK,day_50,-0.037975947315070924,0.006621247642489836,0.2215409075205801,71.39816735071574,-520.4728770288589,94.45621920914263,0.7727908609984099,0.0315180783339333,1,0.014755973198290136
XLK,day_100,0.06225483526272568,0.264357829736108,0.48166324265261684,88.53150817797908,-732.5194677862972,111.25396787899491,1.025419083916663,0.033958592141965,1,0.025447249866781308
XLK,day_150,-0.07487160089092149,-0.16539759087978267,0.10268485548425743,58.59553656071273,-1045.6905540499395,55.57021262233064,0.8717630510311055,0.03128896075258671,1,0.017041871355149063
XLK,day_200,0.04968601574932374,-0.04348571253494582,-0.12934348293139208,37.05612427317584,-712.1182531339995,3.964321106266148,0.9340973363256257,0.03368616824770517,-1,-0.0709560534728587
XLK,day_250,-0.03223393786513218,-0.006119243974440747,-0.15225348473623523,42.222521240033714,-511.4460076606761,37.37928925410617,0.9553979045708969,0.031612538052369306,0,0.00440144532103893
XLK,day_300,0.011161319454227936,0.13184733260856496,0.10924620623689352,65.88543078978122,-518.0819270712769,100.44875900326167,1.2780355666424776,0.029804370772021707,-1,-0.11157895619052277
XLK,day_350,0.057134372473701234,0.020482289929635522,0.12307521027912904,58.659285676098484,-468.83018027466994,63.807058129285764,1.1721543959372813,0.027806903771984418,1,0.07602922277934485
XLK,day_400,-0.02759049842618988,-0.04013795574163004,-0.06616354990580386,38.67001802515085,-577.4144296336168,16.24494859231632,0.7988819792746293,0.03271769343673646,-1,-0.05147655203584683
XLK,day_450,-0.0016865827999238414,0.009195325869548743,-0.0789475157348174,38.882695907079906,-446.79669295056885,34.931361704530936,1.0638277919992893,0.02853167172906885,1,0.13599848770208925
XLK,day_50,-0.011418625064701038,-0.0457433248181639,0.022192628746968035,49.618294915560554,-493.8277291489835,37.31101758632429,1.1581870502888105,0.01691964507229525,1,0.03730847364101189
XLK,day_100,0.03287408974728612,0.04368386062524787,-0.030961906863501865,49.73554107122644,-484.53753122486546,41.114569850775574,0.681650205103517,0.01626541205259855,-1,-0.051863250945897194
XLK,day_150,0.014395266943378893,0.04860933339135398,0.06064870672258493,57.44683699560942,-415.89825320679967,85.81132014540582,1.4856197548182546,0.015010632414335943,-1,-0.022515693366332353
XLK,day_200,-0.002682131281896427,-0.017581476146206976,0.06440720348782558,53.07853833772103,-459.17059773446465,56.76545631076302,0.8493260217552572,0.015012279272740441,-1,-0.030169536055360636
XLK,day_250,0.0116446772394454,0.051590188626290834,0.12464785170845327,82.17759170831488,-518.4707771405538,93.62328203544435,0.9264379871349943,0.013835276617681235,1,0.03313397069081216
XLK,day_300,0.004119359648723897,0.07701536090031258,0.04180775811683124,56.80190019945412,-558.8010222509765,95.34847508199591,1.3495156294996846,0.015849988561269786,-1,-0.011045194719063532
XLK,day_350,-0.005103976609495797,0.008461607671891969,0.10175557729475848,86.25096456148125,-699.3478471039223,83.60063877644582,0.9599989743688325,0.01407856957458488,-1,-0.0276365038134318
XLK,day_400,-0.009706780472284349,-0.0017858116330550233,0.021477771109338573,69.30115477568035,-839.6298670042476,86.46846090654779,0.8695485756824543,0.016379892542289335,1,0.06513124760455732
XLK,day_450,-0.005431439852151221,0.0369124248937065,0.12914820770735824,80.30399742868859,-1052.5961670761487,108.37437032934598,0.9956117809106974,0.014787180482256766,1,0.01630452863483323
XLK,day_50,0.006394987927220708,-0.04539879218818432,-0.1893030652161044,24.40432562672237,-181.2348960112253,8.954563834211323,0.9205513979992181,0.030085525130065835,1,0.14995133667579064
XLK,day_100,-0.06321553621162579,-0.11950998333433205,-0.20693347679072271,20.57668604921787,-201.6064730728681,14.037399132091439,0.7644937394551943,0.03413523472031409,-1,-0.019711816807582702
XLK,day_150,-0.0702189557016869,-0.07521475232523323,-0.13914673776066477,32.97623129671639,-203.4833324814722,15.352040000323552,1.0361160298258283,0.03752122791454232,1,0.13547253907166992
XLK,day_200,-0.00976756561299097,0.0621871164586878,0.0605773281542874,59.89943255552598,-172.66392998294228,87.90671655909867,1.0502856387619846,0.02632784289482569,-1,-0.08765037533292945
XLK,day_250,-0.015435414417511617,0.06693927247372677,0.11430059849921892,59.347120928900075,-131.14701000019386,83.83039924319712,1.1546583278766207,0.03584856367793351,-1,-0.0782932745444477
XLK,day_300,0.017162053668211552,0.0012647450037897023,0.20297787279023582,63.67995429491881,-146.0834112016574,60.24531243203215,0.9743787074467402,0.025674717652625387,1,0.017601309282427133
XLK,day_350,-0.04974013123276555,0.04461884342430111,0.07472503555565724,73.20646631559893,-180.29190936957636,113.4730308730393,0.8727537417051046,0.03241564237002132,-1,-0.026948031231997464
XLK,day_400,-0.023965135618723044,0.010213942966937006,0.010601562113837781,65.21095776354491,-163.85988039839785,87.87726519329273,1.0932992108641533,0.032265246037726084,1,0.12263253497439539
XLK,day_450,0.05426650612557937,0.009889807524742888,-0.10896691104275436,38.814925064849724,-180.73259405452828,5.656690886181205,0.971353698367364,0.030155967402780717,-1,-0.039646005040977525
XLK,day_50,0.02199127701513892,0.01851150506604826,-0.14642445018473393,44.221600266191714,-143.63055761516276,12.52455657189438,0.8760524772904972,0.0306321359366882,0,-0.007047961011457145
XLK,day_100,-0.026782209749594665,0.0693662465719409,0.009543826244884812,42.57905346982801,-118.23512030456686,56.3569397888651,1.13138020248604,0.029723468515276668,-1,-0.09686588594888493
XLK,day_150,-0.02273388771150242,-0.04083785007888141,-0.1738116692522541,35.870281691856675,-107.85252009596209,23.444585282798677,0.668269759757942,0.032512454619480775,-1,-0.02594142012021263
XLK,day_200,0.019196378137352754,-0.006747150842260408,-0.15472467868675455,38.51041932755924,-85.30181348800913,18.55245344436366,0.6495336992197533,0.02824235934359772,-1,-0.08112601854549825
XLK,day_250,-0.035666258357562985,-0.02154642404726559,-0.02336768534126532,55.72266726754019,-73.54373049120004,83.72848088607846,1.1031280608302374,0.02875188690761058,1,0.011169562429146867
XLK,day_300,0.0538760620758838,0.05833021739906119,0.13287080241368043,37.488244198059036,-91.57833060965731,41.35872746902305,1.158583408819215,0.03541987283987065,-1,-0.04273589915186919
XLK,day_350,-0.0264729664732809,0.0026697830445407966,-0.13779190210543413,40.97273282591105,-89.51357703738807,30.905076940927785,0.8512151367325312,0.03278431775060755,1,0.16387941855658295
XLK,day_400,0.04468915343299695,0.07654753798676128,0.020798957367810678,58.01837564723891,-86.01648758216744,62.17075408459868,1.0976923461950832,0.03626278889263273,-1,-0.12454060861101224
XLK,day_450,-0.0019034882576856038,0.06837529913174434,-0.06202499740955547,46.23305475126366,-64.47045800839405,51.370715206819774,1.0383112315394267,0.030784392009026027,0,-0.0015999407507519161
XLK,day_50,-0.0068233280854860245,-0.08250062991132101,-0.044880852099723145,46.81475053277898,-360.52636011570866,16.135133406004314,0.8773663332396686,0.02095352235908208,1,0.06477398036036115
XLK,day_100,0.010329182069934495,-0.04148772227703179,0.0849148979881642,54.27963060706341,-369.7394508103601,61.100102723742744,1.0274768229856701,0.026349493557746517,-1,-0.03525108483150407
XLK,day_150,0.009245880316242294,0.025922083063125045,-0.12998964087912368,29.935785419309838,-330.2914147836968,16.373677330270798,1.2613776569785808,0.022312849074763746,-1,-0.0138800457540413
XLK,day_200,0.0025864104486374995,-0.032493155606257984,-0.07943769314999971,42.0676971050407,-234.40223300953687,14.779793777750506,0.8551346075852458,0.024791709395013274,1,0.014891281503318842
XLK,day_250,0.05038264530615155,0.048109591574232446,-0.005315286533585373,28.606419671006535,-197.24893712611936,20.422800903467255,0.993718943524489,0.02165127542793443,-1,-0.07667809737698224
XLK,day_300,-0.03367033149759813,-0.02765682086351051,0.13067169887544305,79.07636607632105,-236.31595845759534,76.7594158601071,0.9330187584503469,0.02474841447629492,1,0.04294232105005564
XLK,day_350,-0.011169646436702929,-0.027884289113950023,0.10472245574931627,66.26290678303087,-284.19601444926894,71.58064985106957,0.9789723505662543,0.024898060713080924,1,0.02565192648499485
XLK,day_400,-0.028392160266079824,0.021182195306593377,0.0006481493260976912,62.151326372443776,-307.8089987147529,103.8489049521649,1.115995912086678,0.018628097102310295,-1,-0.048143923964499506
XLK,day_450,0.012278977170593341,-0.052491048123802675,0.1376570407453177,57.311085286160136,-315.0256200616604,55.36179214252562,0.8311641013082913,0.023043046862371214,1,0.03435852151778326
XLK,day_50,0.0023932826220243175,0.019400715177421812,0.041793370904562144,52.853417301820684,-396.89389647457375,52.271010615082105,0.8945152741871375,0.010514052688621238,0,-0.0020014836357952
XLK,day_100,-0.0035853213328604916,0.00024236815135414425,-0.05059176758759454,59.801820367023545,-373.7430616011739,40.46992778687829,1.0079797041838403,0.011192536767567337,1,0.032801449047651685
XLK,day_150,0.006054700474247721,0.014137647922223495,0.050433414957939515,75.4499356875252,-395.6477082752232,83.01772217509665,1.0172199611880823,0.012613374999447629,-1,-0.030811689500405734
XLK,day_200,-0.0006835341109662219,-0.025702048588363113,-0.016138068331019162,36.61350320387035,-426.8187335001304,3.2975666567480717,0.877352636068349,0.012413135824197914,-1,-0.012695526412568095
XLK,day_250,-0.007710753492566669,-0.08740391041480688,-0.13695343783215141,9.77979458150655,-360.441486217153,-10.569143868227178,1.0170114530608436,0.012168710642708068,-1,-0.041912052510110175
XLK,day_300,0.016035194576474954,0.006491988373942936,-0.007235928157089178,44.5001104437669,-328.6626475041699,20.823898967798808,0.8884533336696081,0.013228580176791177,-1,-0.010111035679110446
XLK,day_350,-0.017068640797547996,0.009553434366003755,0.012440075960954866,51.98422039006986,-313.90166664116606,84.7680123721094,1.0825648069365827,0.013743232291888754,1,0.012083460753276532
XLK,day_400,0.018007381128225974,0.046668748432336704,-0.00487548249572034,48.69926041175159,-299.31622221823056,51.933327767780014,1.2406690602765773,0.013855450004901616,-1,-0.01769544824072962
XLK,day_450,0.002045743844915515,0.0002579951639665179,0.05315920174238542,54.469313624100174,-324.164543208595,57.66137416328503,0.7990357991623418,0.012144164806163017,0,-0.0035971433868810542
